strategy,total_return,annualized_return,annualized_volatility,sharpe_ratio,max_drawdown,win_rate,n_days,trades_per_year
Equal Weight,3.605597888982067,0.26252651166100094,0.1250404048072196,2.099533443335775,-0.3780732988944587,0.6656571774682011,1651,0
Inverse Volatility,3.3967072430191676,0.25361339349324674,0.08951143548912067,2.8333071870361324,-0.3490254314042446,0.6226529376135675,1651,0
Risk Parity,3.6917744906970213,0.26610401568156195,0.08318790271646077,3.19883068321311,-0.3477115866273103,0.6038764385221078,1651,0
