strategy,total_return,annualized_return,annualized_volatility,sharpe_ratio,max_drawdown,win_rate
SPY Buy & Hold,1.238388,0.130869,0.061242,2.136924,-0.450006,0.692308
Momentum,1971.000802,2.181361,0.117537,18.558956,-0.078686,0.848063
Mean Reversion,-0.999669,-0.705415,0.091410,-7.717052,-0.999669,0.000605
Statistical Arbitrage,-0.629812,-0.140737,0.031320,-4.493473,-0.629812,0.054512
Equal Weight,3.605598,0.262527,0.125040,2.099533,-0.378073,0.665657
Inverse Volatility,3.396707,0.253613,0.089511,2.833307,-0.349025,0.622653
Risk Parity,3.691774,0.266104,0.083188,3.198831,-0.347712,0.603876
